file,sentence_id,sentence_start_i,sentence_end_i,n_hits,hit_positions_in_sentence,is_final_any,sentence_text,sentence_highlighted
CHN_A20,365,9140,9151,1,9,TRUE,"They taught us to walk, to speak and so on.","They taught us to walk, to speak [and so on]."
CHN_A20,449,10653,10682,1,27,TRUE,"But when they have a part time job, they can meet a large number of different kinds of people, such as businessman, officer and so on.","But when they have a part time job, they can meet a large number of different kinds of people, such as businessman, officer [and so on]."
CHN_A20,544,12254,12273,1,17,TRUE,So they have opportunities to use that time to do work such as part time jobs and so on.,So they have opportunities to use that time to do work such as part time jobs [and so on].
CHN_A20,727,15451,15470,1,17,TRUE,"They will meet a lot of people, doing a lot of things like other adults and so on.","They will meet a lot of people, doing a lot of things like other adults [and so on]."
CHN_A20,749,15788,15817,1,24,FALSE,"They should spend their time doing things that are beneficial for them, rather than wasting valuable time playing computer games, sleeping and so on all the time.","They should spend their time doing things that are beneficial for them, rather than wasting valuable time playing computer games, sleeping [and so on] all the time."
CHN_A20,970,20013,20044,1,29,TRUE,"Having a part job, you would have less time to study, to play basketball, to read the books you like and you want to read and so on.","Having a part job, you would have less time to study, to play basketball, to read the books you like and you want to read [and so on]."
CHN_A20,1228,24407,24417,1,8,TRUE,"Like, lung cancer, heart trouble and so on.","Like, lung cancer, heart trouble [and so on]."
CHN_A20,1326,25931,25961,1,23,FALSE,"As far as I can see, smoking should be completely banned in public places ( ( such as restaurants, classroom and so on ) ) in our country.","As far as I can see, smoking should be completely banned in public places ( ( such as restaurants, classroom [and so on] ) ) in our country."
CHN_A20,1332,26031,26058,1,17,FALSE,"One day, when there is no smoking in the restaurants, in the buses, and so on, we will be happier in our life.","One day, when there is no smoking in the restaurants, in the buses, [and so on], we will be happier in our life."
CHN_A20,1448,28053,28076,1,21,TRUE,"Today, we can see more and more young people smoking in the public places such as street and restaurants and so on.","Today, we can see more and more young people smoking in the public places such as street and restaurants [and so on]."
CHN_A20,1478,28537,28558,1,19,TRUE,"From childhood to adult, I have heard many things about smoking, such as, lung disease and so on.","From childhood to adult, I have heard many things about smoking, such as, lung disease [and so on]."
CHN_A20,1479,28559,28586,1,25,TRUE,"In contemporary world, we can see many No smoking signs in public places, such as in the bus, in the hospital and so on.","In contemporary world, we can see many No smoking signs in public places, such as in the bus, in the hospital [and so on]."
CHN_A20,1496,28809,28823,1,12,TRUE,"Such as restaurants, stations, buses, trains, planes and so on.","Such as restaurants, stations, buses, trains, planes [and so on]."
CHN_B11,253,6372,6401,1,11,FALSE,"Somebody may choose to, um, play computer games and so on, but in my opinion, uh: to have a part time job is meaningful.","Somebody may choose to, um, play computer games [and so on], but in my opinion, uh: to have a part time job is meaningful."
CHN_B11,539,13235,13261,1,13,FALSE,"For example, have a part time job may improve our knowledge and so on and: uh: it also helps us to be independent.","For example, have a part time job may improve our knowledge [and so on] and: uh: it also helps us to be independent."
CHN_B11,551,13396,13416,1,18,TRUE,They all can go to the restaurants for many reasons such as business and friend 's parties and so on.,They all can go to the restaurants for many reasons such as business and friend 's parties [and so on].
CHN_B11,619,14928,14944,1,14,TRUE,"It provides for which are used to: for building school, hospital and so on.","It provides for which are used to: for building school, hospital [and so on]."
CHN_B11,768,18440,18481,1,27,FALSE,"Men: many people, especially men smoking a lot in: uh: everywhere, in every public area, in home: at home and so on, not only affect their health but affect their family and others.","Men: many people, especially men smoking a lot in: uh: everywhere, in every public area, in home: at home [and so on], not only affect their health but affect their family and others."
CHN_B11,830,19590,19627,1,35,TRUE,"It is the fact and many of them ca n t restrain themselves from smoking and they go to the restaurant for many reasons such as business, friend 's: friend 's party and so on.","It is the fact and many of them ca n t restrain themselves from smoking and they go to the restaurant for many reasons such as business, friend 's: friend 's party [and so on]."
CHN_B11,913,21282,21299,1,15,TRUE,"That 's probably why I suppose which are used for building school, hospital and so on.","That 's probably why I suppose which are used for building school, hospital [and so on]."
CHN_B11,1170,26422,26441,1,17,TRUE,"Now we can see everywhere that student take part: jobs like private teacher, seller and so on.","Now we can see everywhere that student take part: jobs like private teacher, seller [and so on]."
CHN_B11,1217,27218,27245,1,25,TRUE,"What values more is the experience you get to promote your capacity such as communication, independence, your solution to an issue, and so on.","What values more is the experience you get to promote your capacity such as communication, independence, your solution to an issue, [and so on]."
CHN_B11,1478,31619,31637,1,16,TRUE,"Moreover, it can give you some life experience, such as shopping, living and so on.","Moreover, it can give you some life experience, such as shopping, living [and so on]."
CHN_B11,1700,35676,35705,1,27,TRUE,"After that, if we have more time and energy, we can do some part time job for earning some money, accumulating social experience and so on.","After that, if we have more time and energy, we can do some part time job for earning some money, accumulating social experience [and so on]."
CHN_B11,1760,37044,37069,1,11,FALSE,"When you feel failed, when you get tired, and so on, it 's high time to challenge yourself and to prove yourself.","When you feel failed, when you get tired, [and so on], it 's high time to challenge yourself and to prove yourself."
CHN_B11,1858,38793,38819,1,24,TRUE,"Of course, you can take many other ways to achieve these goals, such as holiday social practice, community benefit, and so on.","Of course, you can take many other ways to achieve these goals, such as holiday social practice, community benefit, [and so on]."
CHN_B11,2091,43086,43096,1,8,TRUE,We should strength the ability of communicate and so on.,We should strength the ability of communicate [and so on].
CHN_B11,2113,43459,43487,1,26,TRUE,"It covers a wide range of ability to do a part time job well, such as speaking ability, writing ability, organizing ability and so on.","It covers a wide range of ability to do a part time job well, such as speaking ability, writing ability, organizing ability [and so on]."
CHN_B11,2370,48422,48456,1,32,TRUE,"In a conclusion, as far as I 'm concerned, doing a part time job has a lot of benefits: Our abilities are improved and we are becoming denpendent and so on.","In a conclusion, as far as I 'm concerned, doing a part time job has a lot of benefits: Our abilities are improved and we are becoming denpendent [and so on]."
CHN_B11,2588,52467,52485,1,16,TRUE,"We should spend spare time in practicing oral English, reading, writing, listening and so on.","We should spend spare time in practicing oral English, reading, writing, listening [and so on]."
CHN_B11,2854,57751,57760,1,7,TRUE,"Such as food, books clothes and so on.","Such as food, books clothes [and so on]."
CHN_B11,3030,60633,60676,1,41,TRUE,"Meanwhile, as a college student myself, I find that we have a lot of spare time after finishing the courses required, the part time job in spare time can enlarge our abilities of communication, teamwork spirit and so on.","Meanwhile, as a college student myself, I find that we have a lot of spare time after finishing the courses required, the part time job in spare time can enlarge our abilities of communication, teamwork spirit [and so on]."
CHN_B11,3081,61580,61635,1,31,FALSE,"Having a part time job help them to learn to work in a earlier time, to get along with people who have been working for some period of time and so on, all of which give them a closer view to society, which is certainly a kind of good experience for them.","Having a part time job help them to learn to work in a earlier time, to get along with people who have been working for some period of time [and so on], all of which give them a closer view to society, which is certainly a kind of good experience for them."
CHN_B11,3193,64044,64077,1,31,TRUE,"I know, in Japan, university students can do part time jobs not only as a fraulein but also as a waiter, a librarian, even a cook and so on.","I know, in Japan, university students can do part time jobs not only as a fraulein but also as a waiter, a librarian, even a cook [and so on]."
CHN_B11,3536,70259,70289,1,28,TRUE,"It can teach you something you ca n t learn from our books, but it can also fill your heart with something like anger, hatred and so on.","It can teach you something you ca n t learn from our books, but it can also fill your heart with something like anger, hatred [and so on]."
CHN_B11,3817,75741,75763,1,20,TRUE,"Such as do something we are interested in and good for us, taking part in some voluntary activities and so on.","Such as do something we are interested in and good for us, taking part in some voluntary activities [and so on]."
CHN_B11,4564,89630,89633,1,1,TRUE,And so on.,[And so on].
CHN_B11,4573,89763,89779,1,14,TRUE,"Smoking can deal to many diseases, such as the cancer of lung and so on.","Smoking can deal to many diseases, such as the cancer of lung [and so on]."
CHN_B11,4728,92514,92538,1,22,TRUE,"Another reason t for smoking should be banned, especially at the public place, such as restaurants, hospitals, and so on.","Another reason t for smoking should be banned, especially at the public place, such as restaurants, hospitals, [and so on]."
CHN_B11,4929,95679,95690,1,9,TRUE,"For example, many diseases, fire disasters and so on.","For example, many diseases, fire disasters [and so on]."
CHN_B11,5133,99236,99274,1,36,TRUE,"Last year ago, New York declared a severe order about stop smoking in the world, people are banned smoke in public places, which include bars, restaurants, offices, auditorium, and so on.","Last year ago, New York declared a severe order about stop smoking in the world, people are banned smoke in public places, which include bars, restaurants, offices, auditorium, [and so on]."
CHN_B11,5351,103469,103494,1,23,TRUE,"In recent years, we see more and more people smoke everywhere in public places like street, supermarkets, restaurants, and so on.","In recent years, we see more and more people smoke everywhere in public places like street, supermarkets, restaurants, [and so on]."
CHN_B11,5485,105805,105830,1,23,TRUE,"The sign of No Smoking can be seen everywhere in public places, such as vehicles, hospitals, of course restaurants and so on.","The sign of No Smoking can be seen everywhere in public places, such as vehicles, hospitals, of course restaurants [and so on]."
CHN_B11,5576,107337,107350,1,11,TRUE,"Like, lung cancer, heart trouble, apoplexy, and so on.","Like, lung cancer, heart trouble, apoplexy, [and so on]."
CHN_B11,5668,108942,108958,1,14,TRUE,"Scientists have show that smoking can cause lung cancer, heart trouble, and so on.","Scientists have show that smoking can cause lung cancer, heart trouble, [and so on]."
CHN_B11,5682,109155,109168,1,11,TRUE,"They could get diseases such as lung diseases, cancer and so on.","They could get diseases such as lung diseases, cancer [and so on]."
CHN_B11,6061,115488,115512,1,22,TRUE,"We can find more and more people smoke in public places, such as bus stations, streets, and restaurants and so on.","We can find more and more people smoke in public places, such as bus stations, streets, and restaurants [and so on]."
CHN_B11,6112,116234,116260,1,24,TRUE,"In my mind, I support the point to ban the smoking in all public place, like restaurants, bus station, and so on.","In my mind, I support the point to ban the smoking in all public place, like restaurants, bus station, [and so on]."
CHN_B11,6278,119111,119136,1,23,TRUE,"Secondly, people should obey their obligation to not smoke in all public places, including restaurants, shopping malls, transportation and so on.","Secondly, people should obey their obligation to not smoke in all public places, including restaurants, shopping malls, transportation [and so on]."
CHN_B11,6352,120178,120210,1,22,FALSE,"Worse more, there are all kinds of person, such as children, the old people, some pregnant women and so on, are in the restaurant having their meals.","Worse more, there are all kinds of person, such as children, the old people, some pregnant women [and so on], are in the restaurant having their meals."
CHN_B11,6387,120713,120737,1,17,FALSE,"When you go to a restaurant, you will find that the table, table cloth and so on which are damaged by smoking.","When you go to a restaurant, you will find that the table, table cloth [and so on] which are damaged by smoking."
CHN_B11,6398,120867,120895,1,26,TRUE,"There are a lot of evidences and studies showing that many diseases are caused by smoking, such as lung cancer, heart trouble, and so on.","There are a lot of evidences and studies showing that many diseases are caused by smoking, such as lung cancer, heart trouble, [and so on]."
CHN_B11,6751,127143,127162,1,17,TRUE,"It is known to all that smoking will cause diseases like lung cancer, heart disease and so on.","It is known to all that smoking will cause diseases like lung cancer, heart disease [and so on]."
CHN_B11,6825,128421,128442,1,19,TRUE,"That pressure comes from every thing, such as work, family matters, study, social contact and so on.","That pressure comes from every thing, such as work, family matters, study, social contact [and so on]."
CHN_B11,7301,136846,136882,1,34,TRUE,"What is the most unbearable is that people sometimes smoking in place where I can not avoid the smoke, such as in vehicles, in the meeting room, in the party and so on.","What is the most unbearable is that people sometimes smoking in place where I can not avoid the smoke, such as in vehicles, in the meeting room, in the party [and so on]."
CHN_B11,7312,137038,137073,1,33,TRUE,"But the worst is someone harm themselves ' health but also others ' when they smoke at some public place, such as the hospital, the airport, the train station and so on.","But the worst is someone harm themselves ' health but also others ' when they smoke at some public place, such as the hospital, the airport, the train station [and so on]."
CHN_B11,7497,140149,140164,1,13,TRUE,"They smoke almost everywhere, such as houses, offices, restaurants and so on.","They smoke almost everywhere, such as houses, offices, restaurants [and so on]."
CHN_B11,7593,141800,141810,1,8,TRUE,"internet café, restaurants, shopping center and so on.","internet café, restaurants, shopping center [and so on]."
CHN_B12,881,23104,23120,1,14,TRUE,"Otherwise, smoking can cause a lot of diseases such as lung cancer and so on.","Otherwise, smoking can cause a lot of diseases such as lung cancer [and so on]."
CHN_B12,1415,35659,35683,1,22,TRUE,Smoking is very bad for our health and it kills more people than a [ ( *** ] ) car accident and so on.,Smoking is very bad for our health and it kills more people than a [ ( *** ] ) car accident [and so on].
CHN_B12,1889,45345,45381,1,34,TRUE,"At the same time, we can also make some money to buy something we want and do something we want to do, such as have a travel, attend some clubs and so on.","At the same time, we can also make some money to buy something we want and do something we want to do, such as have a travel, attend some clubs [and so on]."
CHN_B12,2042,47973,48003,1,28,TRUE,"As we all know, some of the college students have or are finding a part time job, like waiters, leafleteers, and shop assistants and so on.","As we all know, some of the college students have or are finding a part time job, like waiters, leafleteers, and shop assistants [and so on]."
CHN_B12,2160,50098,50116,1,14,FALSE,"It is very popular part time jobs to be family tutors, waiters and so on for them.","It is very popular part time jobs to be family tutors, waiters [and so on] for them."
CHN_B12,2712,60941,60962,1,19,TRUE,"Secondly most part time jobs are very easy and boring, for example tutor, cleaner, seller and so on.","Secondly most part time jobs are very easy and boring, for example tutor, cleaner, seller [and so on]."
CHN_B12,2800,62537,62572,1,33,TRUE,"Then comes part time jobs advantage: it will force students learn to communicate with other people and to deal with kinds of situations like having conflicts with their boss, colleagues and so on.","Then comes part time jobs advantage: it will force students learn to communicate with other people and to deal with kinds of situations like having conflicts with their boss, colleagues [and so on]."
CHN_B12,2996,66158,66203,1,43,TRUE,"I doubt as I am inclined to believe that can students can really absorb something precious that can hardly been gained from the textbooks by taking a part time, such as social expericence, the ability to corpoerate well with other and so on.","I doubt as I am inclined to believe that can students can really absorb something precious that can hardly been gained from the textbooks by taking a part time, such as social expericence, the ability to corpoerate well with other [and so on]."
CHN_B12,3040,67056,67070,1,12,TRUE,"You can improve your sociability, organizing ability, cooperative ability and so on.","You can improve your sociability, organizing ability, cooperative ability [and so on]."
CHN_B12,3282,71955,71981,1,24,TRUE,"We can teach a high, middle school student or even a pupil, we can teach them maths, Chinese, English and so on.","We can teach a high, middle school student or even a pupil, we can teach them maths, Chinese, English [and so on]."
CHN_B12,3686,78880,78894,1,12,TRUE,"Like: baby, little children, women, the old and so on.","Like: baby, little children, women, the old [and so on]."
CHN_B12,3796,80738,80749,1,9,TRUE,"Such as lung cancer, heart trouble, and so on.","Such as lung cancer, heart trouble, [and so on]."
CHN_B12,4176,87586,87642,1,18,FALSE,"Having their ears pierced, wearing worn out jeans, with a cigarette hanging between their lips and so on, these young boys ( ( maybe including a few badly behaved girls ) ) are just trying to change their style, or to look the part of their favorite pop singers or movie stars.","Having their ears pierced, wearing worn out jeans, with a cigarette hanging between their lips [and so on], these young boys ( ( maybe including a few badly behaved girls ) ) are just trying to change their style, or to look the part of their favorite pop singers or movie stars."
CHN_B12,4581,94550,94584,1,32,TRUE,"Last but not least, cigarette butts and thick smoke may probably lead to a big fire, destroying public facilities, such as buildings, parks, libraries, theatres and so on.","Last but not least, cigarette butts and thick smoke may probably lead to a big fire, destroying public facilities, such as buildings, parks, libraries, theatres [and so on]."
CHN_B12,4661,95855,95871,1,14,TRUE,"Maybe smoking can make you relax, keep you awake, release stress and so on.","Maybe smoking can make you relax, keep you awake, release stress [and so on]."
CHN_B12,4709,96812,96841,1,27,TRUE,"Even if bans are carried out at all the restaurants, they may still smoke in any public places such as parks, buses, stores and so on.","Even if bans are carried out at all the restaurants, they may still smoke in any public places such as parks, buses, stores [and so on]."
CHN_B12,4831,98907,98934,1,25,TRUE,"And also as we know, a lot of great people are kind of addicted to smoking, such as Chairman Mao, Churchill and so on.","And also as we know, a lot of great people are kind of addicted to smoking, such as Chairman Mao, Churchill [and so on]."
CHN_B12,4909,100526,100536,1,8,TRUE,"Smoking is banned in libraries, classrooms and so on.","Smoking is banned in libraries, classrooms [and so on]."
CHN_B20,37,991,1065,1,72,TRUE,"So, they have to do some part time job to compact with the society and many of my classmates take, uh, part time jobs like tutors and volunteers in museums and they find that it is a good experience to improve their abilities in many ways such as the communication with people and the way to: and the computer: and the ability to use computer skills and so on.","So, they have to do some part time job to compact with the society and many of my classmates take, uh, part time jobs like tutors and volunteers in museums and they find that it is a good experience to improve their abilities in many ways such as the communication with people and the way to: and the computer: and the ability to use computer skills [and so on]."
CHN_B20,511,10678,10700,1,20,TRUE,"They often light a cigratte at any place they like, especially in public situation, such as restaurants and so on.","They often light a cigratte at any place they like, especially in public situation, such as restaurants [and so on]."
ENS_XX1,71,2412,2443,1,29,TRUE,"For example, if you need the money, um, it 's a good way to earn the money and learn responsibility so handling your own accounts and so on.","For example, if you need the money, um, it 's a good way to earn the money and learn responsibility so handling your own accounts [and so on]."
ENS_XX1,2792,81379,81406,1,25,TRUE,"Japan has a lot of food that is well known for its distinctiveness, foods such as sushi, tempura, sukiyaki, okonomiyaki and so on.","Japan has a lot of food that is well known for its distinctiveness, foods such as sushi, tempura, sukiyaki, okonomiyaki [and so on]."
ENS_XX2,325,8737,8757,1,18,TRUE,"it 's not only with customers but also they 're engaged with other workers, bosses, and so on.","it 's not only with customers but also they 're engaged with other workers, bosses, [and so on]."
ENS_XX2,476,13080,13124,1,18,FALSE,"Uh, by the time they get to the workforce and they finished their: their students and so on, they 'll be ready for, if they do n t take a gap year they 'll be ready for their upcoming job.","Uh, by the time they get to the workforce and they finished their: their students [and so on], they 'll be ready for, if they do n t take a gap year they 'll be ready for their upcoming job."
ENS_XX2,1682,44824,44872,1,46,TRUE,"And even from restaurant marketing, I think it 's good for the marketing, I guess not so much for the people, for customers, but from marketing point of view, you 're not excluding whether there is smoking or non smoking and so on.","And even from restaurant marketing, I think it 's good for the marketing, I guess not so much for the people, for customers, but from marketing point of view, you 're not excluding whether there is smoking or non smoking [and so on]."
JPN_A20,29,559,578,1,17,TRUE,"For example, club: club activities, travel, hobbies, buy ticket book, and so on.","For example, club: club activities, travel, hobbies, buy ticket book, [and so on]."
JPN_A20,66,1318,1336,1,10,FALSE,"We can study about mathematics or English or: and so on, but we ca n t.","We can study about mathematics or English or: [and so on], but we ca n t."
JPN_A20,190,3643,3660,1,7,FALSE,"We study about English or mathematics and so on, but we can not study about working.","We study about English or mathematics [and so on], but we can not study about working."
JPN_A20,511,9157,9179,1,20,TRUE,"For example, we can go travel and see the world, buy books, organize a student conference and so on.","For example, we can go travel and see the world, buy books, organize a student conference [and so on]."
JPN_A20,522,9334,9364,1,28,TRUE,"In college, there are many things to do for them, for example, taking part in an internship, a club, a seminar, and so on.","In college, there are many things to do for them, for example, taking part in an internship, a club, a seminar, [and so on]."
JPN_A20,541,9637,9669,1,30,TRUE,"Fourthly, by doing many kinds of part time job, they can know their suitable future job such as teaching children, or serve customs in shops, and so on.","Fourthly, by doing many kinds of part time job, they can know their suitable future job such as teaching children, or serve customs in shops, [and so on]."
JPN_A20,759,12942,12958,1,14,TRUE,"We should have a driver 's license, study hard and club activity and so on.","We should have a driver 's license, study hard and club activity [and so on]."
JPN_A20,812,13697,13715,1,16,TRUE,"Because college students spend a lot of money to play with friends, to live and so on.","Because college students spend a lot of money to play with friends, to live [and so on]."
JPN_A20,822,13845,13866,1,19,TRUE,"So, they have to learn the manner of society, the rule, communication with many people and so on.","So, they have to learn the manner of society, the rule, communication with many people [and so on]."
JPN_A20,878,14617,14630,1,11,TRUE,"For example, there are famous shoes or comic books and so on.","For example, there are famous shoes or comic books [and so on]."
JPN_A20,988,16199,16215,1,14,TRUE,"Thanks to your friends, you enjoy living in your work time life and so on.","Thanks to your friends, you enjoy living in your work time life [and so on]."
JPN_A20,1004,16406,16447,1,26,FALSE,"Some people say that the things which students can earn by doing part time job: like manner, how to communicate with person, and so on: are useful for the future: when they actually work in company.","Some people say that the things which students can earn by doing part time job: like manner, how to communicate with person, [and so on]: are useful for the future: when they actually work in company."
JPN_A20,1013,16537,16566,1,19,FALSE,"Also as a college student we need a lot of money such as school fee, train fee and so on that we need in school life in college.","Also as a college student we need a lot of money such as school fee, train fee [and so on] that we need in school life in college."
JPN_A20,1067,17338,17356,1,16,TRUE,"Most of students require money for playing, club activity, shopping, eating, and so on.","Most of students require money for playing, club activity, shopping, eating, [and so on]."
JPN_A20,1134,18273,18343,1,55,FALSE,"We, university student, can change part time jobs so we can be a man who sale bread or clothes and then be a man who deliver news paper or pack or a man cook crape or okonomiyaki, teacher of private school, a shop boy of first food or coffee shop and so on If we were thirteen years old, could we change the jobs easily.","We, university student, can change part time jobs so we can be a man who sale bread or clothes and then be a man who deliver news paper or pack or a man cook crape or okonomiyaki, teacher of private school, a shop boy of first food or coffee shop [and so on] If we were thirteen years old, could we change the jobs easily."
JPN_A20,1277,20561,20577,1,14,TRUE,And the expense also includes the cost spared for your hobby and play and so on.,And the expense also includes the cost spared for your hobby and play [and so on].
JPN_A20,1279,20597,20612,1,13,TRUE,You should earn the money that spared for your hobby and play and so on.,You should earn the money that spared for your hobby and play [and so on].
JPN_A20,1299,20924,20950,1,24,TRUE,"By having part time jobs, they can get skills to communicate with a variety of people, to do special task, and so on.","By having part time jobs, they can get skills to communicate with a variety of people, to do special task, [and so on]."
JPN_A20,1437,23031,23081,1,37,FALSE,"For example, we can watch many movies, travel around the world, go to a high class restaurant, and buy expensive clothes, shoes, hats, jewels, bags, cosmetics, and so on Second, it is the reason why our human relations spread.","For example, we can watch many movies, travel around the world, go to a high class restaurant, and buy expensive clothes, shoes, hats, jewels, bags, cosmetics, [and so on] Second, it is the reason why our human relations spread."
JPN_A20,1447,23190,23212,1,20,TRUE,"For example, we need money for a membership of something club, going to drink, shopping, and so on.","For example, we need money for a membership of something club, going to drink, shopping, [and so on]."
JPN_A20,1465,23438,23470,1,30,TRUE,"For example, they use it when they go somewhere to play with friends, when they buy something such as drinks, household commodities, books, clothes and so on.","For example, they use it when they go somewhere to play with friends, when they buy something such as drinks, household commodities, books, clothes [and so on]."
JPN_A20,1486,23873,23889,1,14,TRUE,"After then we will be able to smoke, drink, and gamble and so on.","After then we will be able to smoke, drink, and gamble [and so on]."
JPN_A20,1546,24814,24837,1,21,TRUE,"People like them will have a good time with their colleagues and customers, a pleasant of earning money, and so on.","People like them will have a good time with their colleagues and customers, a pleasant of earning money, [and so on]."
JPN_A20,1687,27040,27070,1,28,TRUE,"Through part time job, they can learn importance of working, a sense of fulfillment of working, social customs, etiquette, common sense, and so on.","Through part time job, they can learn importance of working, a sense of fulfillment of working, social customs, etiquette, common sense, [and so on]."
JPN_A20,1825,29024,29045,1,7,FALSE,"If they work as home teacher and so on, they will be able to become more intelligence with their students.","If they work as home teacher [and so on], they will be able to become more intelligence with their students."
JPN_A20,1826,29046,29069,1,9,FALSE,"If they work in a first food restaurant and so on, they will learn the behavior that make other people feel good.","If they work in a first food restaurant [and so on], they will learn the behavior that make other people feel good."
JPN_A20,1871,29571,29581,1,8,TRUE,We need some money for playing eating and so on.,We need some money for playing eating [and so on].
JPN_A20,1928,30431,30456,1,23,TRUE,"In particular, in the case of a student who lives alone, he also must pay bill of meal, electricity and so on.","In particular, in the case of a student who lives alone, he also must pay bill of meal, electricity [and so on]."
JPN_A20,1941,30744,30779,1,17,FALSE,"This is because money which they had spent on buying their clothes and going to play and so on was earned by their parents, so they do n t understand the value of money.","This is because money which they had spent on buying their clothes and going to play [and so on] was earned by their parents, so they do n t understand the value of money."
JPN_A20,1952,30944,30957,1,11,TRUE,"We also have to pay breakfast, lunch, dinner and so on.","We also have to pay breakfast, lunch, dinner [and so on]."
JPN_A20,1961,31064,31088,1,22,TRUE,"For example, how to communicate with other people, boss, and costomer, how to deal with my mistakes and so on.","For example, how to communicate with other people, boss, and costomer, how to deal with my mistakes [and so on]."
JPN_A20,2036,32243,32277,1,25,FALSE,"And if one wants to be a sports trainer, he should work at gym to study useful knowledge about sports, health, and so on and to learn communicate with many people.","And if one wants to be a sports trainer, he should work at gym to study useful knowledge about sports, health, [and so on] and to learn communicate with many people."
JPN_A20,2064,32714,32728,1,12,TRUE,"For example relation to workers together, stress by being criticized and so on.","For example relation to workers together, stress by being criticized [and so on]."
JPN_A20,2080,32958,32969,1,9,TRUE,"They must buy foods, clothes, soaps and so on.","They must buy foods, clothes, soaps [and so on]."
JPN_A20,2081,32970,32982,1,10,TRUE,"And they must pay charge of gas, water and so on.","And they must pay charge of gas, water [and so on]."
JPN_A20,2149,34002,34033,1,21,FALSE,"Because they can learn a feel of the work place, human relations, and manners in the business, and so on, if they have a part time job.","Because they can learn a feel of the work place, human relations, and manners in the business, [and so on], if they have a part time job."
JPN_A20,2159,34226,34262,1,25,FALSE,"For it wo n t be so, we should acquire manners as a member of society, how to talk respect words, and so on while we are college student who have much time.","For it wo n t be so, we should acquire manners as a member of society, how to talk respect words, [and so on] while we are college student who have much time."
JPN_A20,2230,35370,35392,1,20,TRUE,"We had better really work part time and understand difficulty of earning money, working with many people, and so on.","We had better really work part time and understand difficulty of earning money, working with many people, [and so on]."
JPN_A20,2232,35405,35437,1,30,TRUE,"We want to do very funny things that we can not do in school days, such as traveling world, playing with friends, loving girl friend, and so on.","We want to do very funny things that we can not do in school days, such as traveling world, playing with friends, loving girl friend, [and so on]."
JPN_A20,2238,35507,35521,1,12,TRUE,"Friends is more important property than food, water, money and so on.","Friends is more important property than food, water, money [and so on]."
JPN_A20,2349,37099,37119,1,18,TRUE,"First this is because they have to spend much money for playing, traveling, club activities and so on.","First this is because they have to spend much money for playing, traveling, club activities [and so on]."
JPN_A20,2396,38074,38103,1,27,TRUE,"I am for that students do part time jobs, for they have many chances that they spend money for mainly friends, lovers, parents and so on.","I am for that students do part time jobs, for they have many chances that they spend money for mainly friends, lovers, parents [and so on]."
JPN_A20,2422,38480,38514,1,32,TRUE,"For exanmple, I take a break when I want to take or I do n t go to a part time job because I do n t want to go and so on.","For exanmple, I take a break when I want to take or I do n t go to a part time job because I do n t want to go [and so on]."
JPN_A20,2469,39091,39121,1,28,TRUE,"For instance, they have to buy a lot of textbooks which are expensive and they have to wear clothes which are not uniform Monday to Friday and so on.","For instance, they have to buy a lot of textbooks which are expensive and they have to wear clothes which are not uniform Monday to Friday [and so on]."
JPN_A20,2476,39200,39228,1,26,TRUE,"Since Sumo is Japanese traditional sport, a number of foreigners came the shop and asked us about use of goods in English or Chinese and so on.","Since Sumo is Japanese traditional sport, a number of foreigners came the shop and asked us about use of goods in English or Chinese [and so on]."
JPN_A20,2512,39657,39694,1,21,FALSE,"We can buy many things ( ( car, house, jewelry, clothes, bags, plane ticket, and so on ) ) which we want no matter how it is much by the money.","We can buy many things ( ( car, house, jewelry, clothes, bags, plane ticket, [and so on] ) ) which we want no matter how it is much by the money."
JPN_A20,2599,40900,40927,1,11,FALSE,"And we can make time class, study, club and so on, if we have part time ( ( not full time ) ) job.","And we can make time class, study, club [and so on], if we have part time ( ( not full time ) ) job."
JPN_A20,2639,41422,41454,1,30,TRUE,"First we need much money to spend our life, for example, buying some clothes or playing with our friends or commuting from our home to our college and so on.","First we need much money to spend our life, for example, buying some clothes or playing with our friends or commuting from our home to our college [and so on]."
JPN_A20,2796,43785,43811,1,24,TRUE,"Especially, students who live alone have to get a lot of money to pay fee for house, energy, gas, and so on.","Especially, students who live alone have to get a lot of money to pay fee for house, energy, gas, [and so on]."
JPN_A20,2810,44110,44134,1,22,TRUE,"So I think that they need to think more seriously about how to use time including studying, working, playing and so on.","So I think that they need to think more seriously about how to use time including studying, working, playing [and so on]."
JPN_A20,2814,44185,44212,1,25,TRUE,"For example, some students live alone, so they cost much money at lighting, heating, food, water expenses and rent and so on.","For example, some students live alone, so they cost much money at lighting, heating, food, water expenses and rent [and so on]."
JPN_A20,2889,45203,45221,1,16,TRUE,"Some studnts earn it to save money, some need it to live themselves, and so on.","Some studnts earn it to save money, some need it to live themselves, [and so on]."
JPN_A20,2904,45467,45484,1,11,FALSE,"I have to buy foods, furniture, drug, and so on with my own money.","I have to buy foods, furniture, drug, [and so on] with my own money."
JPN_A20,2929,45815,45833,1,16,TRUE,"So, they teach me about the management, a social situation, their experience and so on.","So, they teach me about the management, a social situation, their experience [and so on]."
JPN_A20,2983,46517,46553,1,19,FALSE,"There is much kind of people ( ( such as high school student, college student, housewife and so on ) ) in my shop, so I can listen to various stories from them.","There is much kind of people ( ( such as high school student, college student, housewife [and so on] ) ) in my shop, so I can listen to various stories from them."
JPN_A20,3066,47873,47886,1,11,TRUE,"For example the boss, senior, company, customers and so on.","For example the boss, senior, company, customers [and so on]."
JPN_A20,3261,50834,50853,1,17,TRUE,"Nowadays, the number of non smoking area is increased, such as hospital, station and so on.","Nowadays, the number of non smoking area is increased, such as hospital, station [and so on]."
JPN_A20,3419,53220,53245,1,23,TRUE,"In fact, smoking is banned in the station, in the train, in the office, in the hospital, and so on.","In fact, smoking is banned in the station, in the train, in the office, in the hospital, [and so on]."
JPN_A20,3836,59334,59361,1,25,TRUE,"For example, it lessen your strength, it has carcinogenicity, It makes you liable to be hard to recover from sickness, and so on.","For example, it lessen your strength, it has carcinogenicity, It makes you liable to be hard to recover from sickness, [and so on]."
JPN_A20,3940,60847,60866,1,11,FALSE,"Firstly, smell of dishes sweet smell, sour smell and so on: is very important in restaurants.","Firstly, smell of dishes sweet smell, sour smell [and so on]: is very important in restaurants."
JPN_A20,4556,70062,70086,1,22,TRUE,"Nowadays, smoking is banned at a variety of places, for instance, at station, hospital, community center and so on.","Nowadays, smoking is banned at a variety of places, for instance, at station, hospital, community center [and so on]."
JPN_A20,4618,71030,71051,1,19,TRUE,"Restaurants are the places where we enjoy dishes ' pleasant smell, good flavor, conversation with friend and so on.","Restaurants are the places where we enjoy dishes ' pleasant smell, good flavor, conversation with friend [and so on]."
JPN_A20,4750,73005,73030,1,23,TRUE,"And I hope that smoking be completely banned at all public places, a campus of the college, a platform, and so on.","And I hope that smoking be completely banned at all public places, a campus of the college, a platform, [and so on]."
JPN_A20,4852,74499,74515,1,14,TRUE,"In that situation, they can not have meals with joy, happiness and so on.","In that situation, they can not have meals with joy, happiness [and so on]."
JPN_A20,4917,75366,75380,1,12,TRUE,"They also damage our heart, stomach, a blood vessel and so on.","They also damage our heart, stomach, a blood vessel [and so on]."
JPN_A20,4988,76712,76740,1,24,FALSE,"Furthermore, it influences badly people around smokers ( ( especially children, elderly people, mothers who give their children milk, and so on ) ).","Furthermore, it influences badly people around smokers ( ( especially children, elderly people, mothers who give their children milk, [and so on] ) )."
JPN_A20,5062,77730,77749,1,17,TRUE,"Now everyone knows smoking have harmful effects for our body, lung and heart and brain and so on.","Now everyone knows smoking have harmful effects for our body, lung and heart and brain [and so on]."
JPN_A20,5072,77900,77916,1,14,TRUE,"Smoke have a bad effect on people, especially pregnant women, patients and so on.","Smoke have a bad effect on people, especially pregnant women, patients [and so on]."
JPN_A20,5142,79080,79117,1,35,TRUE,"Certainly, smoke of smoking do harm to your and other 's body, and heating cigarettes cause by fire and burn, and some people throw their cigarettes on the road, river and so on.","Certainly, smoke of smoking do harm to your and other 's body, and heating cigarettes cause by fire and burn, and some people throw their cigarettes on the road, river [and so on]."
JPN_A20,5234,80525,80544,1,17,TRUE,"Recently, smoking has been banned at many places such as planes, buses, trains and so on.","Recently, smoking has been banned at many places such as planes, buses, trains [and so on]."
JPN_A20,5546,85362,85382,1,18,TRUE,"I think that it is natural to prohibit from smoking in public places: restaurants, station and so on.","I think that it is natural to prohibit from smoking in public places: restaurants, station [and so on]."
JPN_B11,21,340,360,1,6,FALSE,This money is buying textbooks and so on and: and student give: give the university lot of money.,This money is buying textbooks [and so on] and: and student give: give the university lot of money.
JPN_B11,121,2681,2766,1,38,FALSE,: I am agree this statement because I have many: I mainly think that I have learned through: through my part time job and get many skills so communication skills and presentation skills and power and so on and cooperation with other person and I am get many money I am get a lot of money so and I go to: I go to trip [ ( *** ] ) and I go to shopping and so part time job is very.,: I am agree this statement because I have many: I mainly think that I have learned through: through my part time job and get many skills so communication skills and presentation skills and power [and so on] and cooperation with other person and I am get many money I am get a lot of money so and I go to: I go to trip [ ( *** ] ) and I go to shopping and so part time job is very.
JPN_B11,131,2887,2907,1,18,TRUE,"They just earn money for playing with students, buying favorite coffees [ ( *** ] ) and so on.","They just earn money for playing with students, buying favorite coffees [ ( *** ] ) [and so on]."
JPN_B11,197,4101,4125,1,22,TRUE,"We should make our own money to use own: our own, for example, the club activity or lunch and so on.","We should make our own money to use own: our own, for example, the club activity or lunch [and so on]."
JPN_B11,800,15897,15913,1,14,TRUE,"Some are always late for school, some often sleep during the class and so on.","Some are always late for school, some often sleep during the class [and so on]."
JPN_B11,876,17158,17187,1,27,TRUE,"Part time job enables us not only to make money but also to make friends, have a sense of responsibility, learn manner of society and so on.","Part time job enables us not only to make money but also to make friends, have a sense of responsibility, learn manner of society [and so on]."
JPN_B11,885,17298,17311,1,11,TRUE,"I have been to India, Australia, South Africa and so on.","I have been to India, Australia, South Africa [and so on]."
JPN_B11,954,18247,18261,1,12,TRUE,"Such as tutor, shop clerk, waiter, waitress, and so on.","Such as tutor, shop clerk, waiter, waitress, [and so on]."
JPN_B11,990,18853,18871,1,16,TRUE,"First reason is that college students need much money for their study, hobby, and so on.","First reason is that college students need much money for their study, hobby, [and so on]."
JPN_B11,1010,19214,19247,1,17,FALSE,"Fifth, by earning money by themselves, they can buy clothes, bags, shoes and so on, they can travel or study abroad and they can store money for them.","Fifth, by earning money by themselves, they can buy clothes, bags, shoes [and so on], they can travel or study abroad and they can store money for them."
JPN_B11,1027,19481,19504,1,20,FALSE,"Through working in communities, we can learn how to solve problems, how to present our ideas, and so on:.","Through working in communities, we can learn how to solve problems, how to present our ideas, [and so on]:."
JPN_B11,1062,20027,20046,1,17,TRUE,Because I think it is important for university students to learn social system and social manner and so on.,Because I think it is important for university students to learn social system and social manner [and so on].
JPN_B11,1066,20091,20100,1,7,TRUE,I teach children Mathematics and English and so on.,I teach children Mathematics and English [and so on].
JPN_B11,1082,20327,20346,1,2,FALSE,"Time and so on to broden your mind, see things from various angles, and understand different cultures.","Time [and so on] to broden your mind, see things from various angles, and understand different cultures."
JPN_B11,1088,20387,20410,1,21,TRUE,They would like you to study different things deeply and be a person who work for Japan help sick people and so on.,They would like you to study different things deeply and be a person who work for Japan help sick people [and so on].
JPN_B11,1132,21082,21105,1,21,TRUE,"For example, join club activities, to go shopping, to play with friends, to buy many stationary and so on.","For example, join club activities, to go shopping, to play with friends, to buy many stationary [and so on]."
JPN_B11,1248,22726,22746,1,18,TRUE,"So we will be able to learn time management with checking our schedule, taking some notes and so on.","So we will be able to learn time management with checking our schedule, taking some notes [and so on]."
JPN_B11,1275,23102,23114,1,10,TRUE,"For example, clothes, books, comics, and so on.","For example, clothes, books, comics, [and so on]."
JPN_B11,1331,23784,23812,1,26,TRUE,"First, college students need much money to play with their friends and to eat lunch by their selves, to travel around the world and so on.","First, college students need much money to play with their friends and to eat lunch by their selves, to travel around the world [and so on]."
JPN_B11,1343,23954,23968,1,12,TRUE,"They are different for sex, old, employment state, and so on.","They are different for sex, old, employment state, [and so on]."
JPN_B11,1468,25605,25628,1,21,TRUE,"For example, to live alone far from family, to study abroad, to take part in a club and so on.","For example, to live alone far from family, to study abroad, to take part in a club [and so on]."
JPN_B11,1496,26168,26192,1,22,TRUE,"And we encounter a variety of difficult about working itself, human relations in the office, binding ourselves by work and so on.","And we encounter a variety of difficult about working itself, human relations in the office, binding ourselves by work [and so on]."
JPN_B11,1541,26833,26848,1,13,TRUE,"The other reason is that we can get many abilities, experiences and so on.","The other reason is that we can get many abilities, experiences [and so on]."
JPN_B11,1650,28393,28407,1,12,TRUE,"For example, trip, karaoke, club activity, party and so on.","For example, trip, karaoke, club activity, party [and so on]."
JPN_B11,1656,28481,28496,1,13,TRUE,"For example, importance of patience, to work effectively, teamwork and so on.","For example, importance of patience, to work effectively, teamwork [and so on]."
JPN_B11,1702,29178,29195,1,15,TRUE,"For example, how to use respect languages, how to communicate with customers and so on.","For example, how to use respect languages, how to communicate with customers [and so on]."
JPN_B11,1779,30256,30268,1,10,TRUE,"For example, rules of the society and manner and so on.","For example, rules of the society and manner [and so on]."
JPN_B11,1796,30464,30478,1,12,TRUE,"For example, the house rent, the cost of living and so on.","For example, the house rent, the cost of living [and so on]."
JPN_B11,1814,30699,30717,1,16,TRUE,Club activities and group activities need much money because a camp for training and game and so on.,Club activities and group activities need much money because a camp for training and game [and so on].
JPN_B11,1903,31940,31974,1,32,TRUE,"To do it makes me know how to come in contact with people, who are higher position than me, the way to speak correct words and store 's management and so on.","To do it makes me know how to come in contact with people, who are higher position than me, the way to speak correct words and store 's management [and so on]."
JPN_B11,2024,33630,33641,1,9,TRUE,"For example, human relations, social system and so on.","For example, human relations, social system [and so on]."
JPN_B11,2154,35617,35649,1,30,TRUE,"We can learn many things from colleague or boss, for example, etiquette, behavior, common sense, communication with other people and what is working, and so on.","We can learn many things from colleague or boss, for example, etiquette, behavior, common sense, communication with other people and what is working, [and so on]."
JPN_B11,2212,36551,36570,1,17,TRUE,"Indeed, their parents spend much money for their food, clothes and lessons in college and so on.","Indeed, their parents spend much money for their food, clothes and lessons in college [and so on]."
JPN_B11,2306,38108,38123,1,13,TRUE,"For example, we have to prepare the parties and polish glasses and so on.","For example, we have to prepare the parties and polish glasses [and so on]."
JPN_B11,2330,38438,38469,1,29,TRUE,"Moreover, college students have a long summer vacation and in that time all of them must want to travel, go shopping or go to see movies and so on.","Moreover, college students have a long summer vacation and in that time all of them must want to travel, go shopping or go to see movies [and so on]."
JPN_B11,2359,38874,38894,1,18,TRUE,"So, we should use our free time to study, enjoy circle activities and our hobbies and so on.","So, we should use our free time to study, enjoy circle activities and our hobbies [and so on]."
JPN_B11,2368,39004,39038,1,32,TRUE,"For instance, we will acquire a good manner to be impolite to customers, and we can have a relationship with the employees like us and exchange information about job and so on.","For instance, we will acquire a good manner to be impolite to customers, and we can have a relationship with the employees like us and exchange information about job [and so on]."
JPN_B11,2423,39817,39840,1,21,TRUE,"First, college students need much money because we have to buy expensive text books, clothes, food, and so on.","First, college students need much money because we have to buy expensive text books, clothes, food, [and so on]."
JPN_B11,2454,40379,40402,1,21,TRUE,"By working, they have a chance to know how to communicate with customers, how to speak formally, and so on.","By working, they have a chance to know how to communicate with customers, how to speak formally, [and so on]."
JPN_B11,2462,40496,40524,1,26,TRUE,"By getting a lot of money, for example, they can watch a baseball game, go abroad to see a different world, and so on.","By getting a lot of money, for example, they can watch a baseball game, go abroad to see a different world, [and so on]."
JPN_B11,2791,45531,45575,1,42,TRUE,"I think there are something that we can do only now: to make many friends and play with them, to join club activity or circle activity, to travel abroad and go to many places in the world, and so on.","I think there are something that we can do only now: to make many friends and play with them, to join club activity or circle activity, to travel abroad and go to many places in the world, [and so on]."
JPN_B11,2798,45699,45734,1,33,TRUE,"And also in our college lives, we will spend a lot of money for a party with our friends or mates, club activities, buying ourselves new clothes or bags and so on.","And also in our college lives, we will spend a lot of money for a party with our friends or mates, club activities, buying ourselves new clothes or bags [and so on]."
JPN_B11,2931,47707,47730,1,21,TRUE,"We can acquire a lot of abilities by doing a part time job, for example, cooking, conversation and so on.","We can acquire a lot of abilities by doing a part time job, for example, cooking, conversation [and so on]."
JPN_B11,2946,47953,47981,1,26,TRUE,"In college school life, you need much money to buy books, go shopping with friends, drink with members of club activity, and so on.","In college school life, you need much money to buy books, go shopping with friends, drink with members of club activity, [and so on]."
JPN_B11,2987,48598,48615,1,15,TRUE,"I think that we should earn money which we use for hobby, clothes and so on.","I think that we should earn money which we use for hobby, clothes [and so on]."
JPN_B11,2998,48767,48779,1,10,TRUE,College students need some money for meals and clothes and so on.,College students need some money for meals and clothes [and so on].
JPN_B11,3027,49244,49261,1,15,TRUE,"For example, we go bowling, shopping, do karaoke, enjoy parties and so on.","For example, we go bowling, shopping, do karaoke, enjoy parties [and so on]."
JPN_B11,3031,49306,49321,1,13,TRUE,"For instance, the way of cooking, servicing, using computers and so on.","For instance, the way of cooking, servicing, using computers [and so on]."
JPN_B11,3063,49738,49758,1,18,TRUE,"But, of course, they are limited so college people earn money to use for play and so on.","But, of course, they are limited so college people earn money to use for play [and so on]."
JPN_B11,3087,50069,50081,1,10,TRUE,"Piano, basketball, swimming, writing, English and so on.","Piano, basketball, swimming, writing, English [and so on]."
JPN_B11,3174,51273,51297,1,22,TRUE,"If students live alone, in addition to this fee, they need to pay a house rent and food cost and so on.","If students live alone, in addition to this fee, they need to pay a house rent and food cost [and so on]."
JPN_B11,3309,53274,53290,1,14,TRUE,"We can freely buy anything, play games, and go anywhere, and so on.","We can freely buy anything, play games, and go anywhere, [and so on]."
JPN_B11,3382,54401,54423,1,15,FALSE,"They want to buy a lot of clothes, video games, books, and so on and play with their friends.","They want to buy a lot of clothes, video games, books, [and so on] and play with their friends."
JPN_B11,3515,56330,56349,1,17,TRUE,"Besides, we get a skill and knowledge such as cooking, carrying, register, and so on.","Besides, we get a skill and knowledge such as cooking, carrying, register, [and so on]."
JPN_B11,3677,58834,58856,1,20,TRUE,"And I can know how difficult communicating with many people is and know making money is not easy, and so on.","And I can know how difficult communicating with many people is and know making money is not easy, [and so on]."
JPN_B11,3698,59146,59160,1,12,TRUE,"For example, English, math, history, Japanese, and so on.","For example, English, math, history, Japanese, [and so on]."
JPN_B11,3704,59239,59258,1,17,TRUE,"For example, human relationship, true value of money, hardships of getting money, and so on.","For example, human relationship, true value of money, hardships of getting money, [and so on]."
JPN_B11,3735,59752,59777,1,23,TRUE,"But, I want a lot of things, clothes, shoes, games, bags, wallet, big sofa bed and so on.","But, I want a lot of things, clothes, shoes, games, bags, wallet, big sofa bed [and so on]."
JPN_B11,3747,59962,59991,1,27,TRUE,"In college, they have not only study but also various actions, for example, activity of a circle, a fun with their friends and so on.","In college, they have not only study but also various actions, for example, activity of a circle, a fun with their friends [and so on]."
JPN_B11,3795,60634,60664,1,28,TRUE,"I belong to wind orchestra club, and I need about million yen in years, fo r dinner with our juniors, maintenance of music instruments and so on.","I belong to wind orchestra club, and I need about million yen in years, fo r dinner with our juniors, maintenance of music instruments [and so on]."
JPN_B11,4028,64101,64122,1,19,TRUE,"I think recently, the number of the people smoking in a public place like load, station and so on.","I think recently, the number of the people smoking in a public place like load, station [and so on]."
JPN_B11,4042,64355,64384,1,27,TRUE,"And smoking does harm not only to people who smoke themselves but also to people around them, for example, their family and their colleagues and so on.","And smoking does harm not only to people who smoke themselves but also to people around them, for example, their family and their colleagues [and so on]."
JPN_B11,4068,64825,64862,1,13,FALSE,"For example, smokers will have lung cancer or high blood pressure and so on, so they ca n t live longer than non smokers and they have to suffer from these diseases in the future.","For example, smokers will have lung cancer or high blood pressure [and so on], so they ca n t live longer than non smokers and they have to suffer from these diseases in the future."
JPN_B11,4572,71901,71917,1,14,TRUE,"Lastly, at restaurants there are many families, lovers, friends, and so on.","Lastly, at restaurants there are many families, lovers, friends, [and so on]."
JPN_B11,4847,75708,75729,1,19,TRUE,"Now, at many public place smoking is banned, for example the station, on the street and so on.","Now, at many public place smoking is banned, for example the station, on the street [and so on]."
JPN_B11,5025,78340,78361,1,19,TRUE,"For example, throw a cigarette butt out on the street, smoking in non smoking area, and so on.","For example, throw a cigarette butt out on the street, smoking in non smoking area, [and so on]."
JPN_B11,5032,78435,78449,1,9,FALSE,"First, smoke dirty wallpaper, curtain, and so on in the restaurants.","First, smoke dirty wallpaper, curtain, [and so on] in the restaurants."
JPN_B11,5050,78687,78704,1,15,TRUE,"For example, smoking may cause lung cancer, respiratory diseases, arteriosclerosis, and so on.","For example, smoking may cause lung cancer, respiratory diseases, arteriosclerosis, [and so on]."
JPN_B11,5059,78799,78816,1,15,TRUE,"For example, the US, the UK, Italy, Australia, Canada and so on.","For example, the US, the UK, Italy, Australia, Canada [and so on]."
JPN_B11,5103,79473,79496,1,21,TRUE,"This is very troublesome problem for people who care a lot about their health and keep off alcohols, tobaccos and so on.","This is very troublesome problem for people who care a lot about their health and keep off alcohols, tobaccos [and so on]."
JPN_B11,5574,86815,86833,1,16,TRUE,"It is uncomfortable to eat a meal being troubled at harmful matters, nicotine, and so on.","It is uncomfortable to eat a meal being troubled at harmful matters, nicotine, [and so on]."
JPN_B11,5766,89776,89789,1,11,TRUE,In the restaurant we should enjoy having lunch and conversation and so on.,In the restaurant we should enjoy having lunch and conversation [and so on].
JPN_B11,5832,90716,90746,1,24,FALSE,"Some people enjoy smoking, though they know that some bad substances which are contained in cigarette, for instance nicotine, tar and so on, affect their health.","Some people enjoy smoking, though they know that some bad substances which are contained in cigarette, for instance nicotine, tar [and so on], affect their health."
JPN_B11,5923,92264,92282,1,16,TRUE,"Smoking has any bad influences o n them such as growth, some illness, and so on.","Smoking has any bad influences o n them such as growth, some illness, [and so on]."
JPN_B11,5959,92773,92783,1,8,TRUE,It causes serious illnesses such as cancer and so on.,It causes serious illnesses such as cancer [and so on].
JPN_B11,5965,92848,92888,1,38,TRUE,"I think that even if we can not ban smoking at all places, we have to ban smoking at all places where there are plenty of people who do not like smoking, such as restaurants and so on.","I think that even if we can not ban smoking at all places, we have to ban smoking at all places where there are plenty of people who do not like smoking, such as restaurants [and so on]."
JPN_B11,6040,94177,94191,1,12,TRUE,"For instance, lung cancer, stomach cancer, heart break and so on.","For instance, lung cancer, stomach cancer, heart break [and so on]."
JPN_B11,6062,94518,94537,1,17,TRUE,"Now, there are divisions into smoking and non smoking areas at the stations or universities and so on.","Now, there are divisions into smoking and non smoking areas at the stations or universities [and so on]."
JPN_B11,6078,94770,94788,1,10,FALSE,"Smoking discharge smoke include tar which strain the ceiling and so on, and cigarette butts are left.","Smoking discharge smoke include tar which strain the ceiling [and so on], and cigarette butts are left."
JPN_B11,6161,95875,95893,1,16,TRUE,"That 's show some people, like me hate cigarette 's smoking, smell, and so on.","That 's show some people, like me hate cigarette 's smoking, smell, [and so on]."
JPN_B11,6176,96094,96119,1,16,FALSE,"Cigarette contains various kinds of chemical material, for instance, nicotine, tar, and so on and those smoke also contain harmful material.","Cigarette contains various kinds of chemical material, for instance, nicotine, tar, [and so on] and those smoke also contain harmful material."
JPN_B11,6447,100230,100256,1,24,TRUE,"First, it is widely known, the cigarette smoke has many various harmful materials for example nicotine, carbon monoxide, tar and so on.","First, it is widely known, the cigarette smoke has many various harmful materials for example nicotine, carbon monoxide, tar [and so on]."
JPN_B11,6738,104580,104605,1,23,TRUE,"In restaurant, there are many people, for example, baby, elderly person, sick person, pregnant woman, and so on.","In restaurant, there are many people, for example, baby, elderly person, sick person, pregnant woman, [and so on]."
JPN_B12,197,4373,4394,1,19,TRUE,"At college, a lot of student major in special study, for example, law or economics and so on.","At college, a lot of student major in special study, for example, law or economics [and so on]."
JPN_B12,212,4734,4752,1,16,TRUE,They can learn how to talk to the customer or how to behave or: and so on.,They can learn how to talk to the customer or how to behave or: [and so on].
JPN_B12,383,8705,8719,1,12,TRUE,Many people [ ( *** ] ) should not the restaurant and so on.,Many people [ ( *** ] ) should not the restaurant [and so on].
JPN_B12,600,13178,13203,1,23,TRUE,"So, smoking people who smoke should not smoke in public place, for example, restaurant in the park and sideway and so on.","So, smoking people who smoke should not smoke in public place, for example, restaurant in the park and sideway [and so on]."
JPN_B12,679,14762,14778,1,14,TRUE,"They mainly spend their money clothes, their hobby, dating, traveling and so on.","They mainly spend their money clothes, their hobby, dating, traveling [and so on]."
JPN_B12,718,15375,15396,1,19,TRUE,"So, we should experience many things and get a correct view, the right way to think and so on.","So, we should experience many things and get a correct view, the right way to think [and so on]."
JPN_B12,854,17579,17605,1,24,TRUE,"Through my job, I have been able to meet various people such as students of other universities, the chef, customers and so on.","Through my job, I have been able to meet various people such as students of other universities, the chef, customers [and so on]."
JPN_B12,885,18118,18141,1,21,TRUE,"For instance, we are supposed to learn the way of communicating the others and to have responsibilities than ever and so on.","For instance, we are supposed to learn the way of communicating the others and to have responsibilities than ever [and so on]."
JPN_B12,897,18361,18382,1,19,TRUE,But I think that society can be learned when they are doing a sport club or cultural club and so on.,But I think that society can be learned when they are doing a sport club or cultural club [and so on].
JPN_B12,898,18383,18417,1,32,TRUE,And the most reason is that they have to study or get good grade and be a person who distribute for society such as a good engineer or translator or economist and so on.,And the most reason is that they have to study or get good grade and be a person who distribute for society such as a good engineer or translator or economist [and so on].
JPN_B12,905,18502,18533,1,29,TRUE,"For example, we need to buy a lot of text books, tools for study kinds of pen and eraser, something for hobby or clubs, and so on.","For example, we need to buy a lot of text books, tools for study kinds of pen and eraser, something for hobby or clubs, [and so on]."
JPN_B12,912,18577,18597,1,18,TRUE,"At the place which we are working, there are many adult 's, visitor 's, and so on.","At the place which we are working, there are many adult 's, visitor 's, [and so on]."
JPN_B12,958,19345,19371,1,21,FALSE,"I worked hard, and I could learn consumer 's needs, business skills about the reception, hospitality, and so on through the job.","I worked hard, and I could learn consumer 's needs, business skills about the reception, hospitality, [and so on] through the job."
JPN_B12,1041,20637,20684,1,45,TRUE,"Most college students who have a part time job work in order not to gain experience by practice for their future plans or to earn fees of school but to earn money for their interest such as drinking, buying clothes, play, and so on.","Most college students who have a part time job work in order not to gain experience by practice for their future plans or to earn fees of school but to earn money for their interest such as drinking, buying clothes, play, [and so on]."
JPN_B12,1093,21566,21594,1,26,TRUE,"But, without money, they could n t enjoy happy things such as going to the theater, traveling abroad, doing outdoor activity and so on.","But, without money, they could n t enjoy happy things such as going to the theater, traveling abroad, doing outdoor activity [and so on]."
JPN_B12,1095,21614,21646,1,8,FALSE,"( ( having meals, washing clothes and so on ) ) They also lose chances to experience various kinds of things which will benefit them when they become members of society.","( ( having meals, washing clothes [and so on] ) ) They also lose chances to experience various kinds of things which will benefit them when they become members of society."
JPN_B12,1144,22411,22423,1,10,TRUE,"For example, attitude, manner, responsibility, and so on.","For example, attitude, manner, responsibility, [and so on]."
JPN_B12,1233,23704,23741,1,35,TRUE,"First, college students have to spend so much money, for example, buy train or bus ticket, play with their friends, make meals, and buy clothes, books, and so on.","First, college students have to spend so much money, for example, buy train or bus ticket, play with their friends, make meals, and buy clothes, books, [and so on]."
JPN_B12,1248,24002,24020,1,16,TRUE,"College students need a lot of money such as for living, school, amusement and so on.","College students need a lot of money such as for living, school, amusement [and so on]."
JPN_B12,1253,24079,24102,1,21,TRUE,"They can do many kind of part time jobs for four years for example a waiter, an office work and so on.","They can do many kind of part time jobs for four years for example a waiter, an office work [and so on]."
JPN_B12,1292,24738,24767,1,27,TRUE,"From that, they can get the skill, for example, communication with their customer, cooking, or how to teach something to someone and so on.","From that, they can get the skill, for example, communication with their customer, cooking, or how to teach something to someone [and so on]."
JPN_B12,1329,25331,25350,1,17,TRUE,"In addition to these expenses, they spend money for playing with their friends, meals and so on.","In addition to these expenses, they spend money for playing with their friends, meals [and so on]."
JPN_B12,1371,26003,26022,1,17,TRUE,"Social morals mean greetings, a style of cloths and hairs, a way of talking and so on.","Social morals mean greetings, a style of cloths and hairs, a way of talking [and so on]."
JPN_B12,1413,26654,26685,1,29,TRUE,"First, they need much money to lead a college life: Playing with friends, for example, eating, shopping, and activities in a circle and so on.","First, they need much money to lead a college life: Playing with friends, for example, eating, shopping, and activities in a circle [and so on]."
JPN_B12,1420,26807,26838,1,29,TRUE,"Third, they will have many skills by doing a part time job Service skill, for example, office work skills education skill, cooking skill, and so on.","Third, they will have many skills by doing a part time job Service skill, for example, office work skills education skill, cooking skill, [and so on]."
JPN_B12,1479,27881,27910,1,27,TRUE,"If it is banned, surely they have to endure the hope to smoke until they come home or they find smoking space in a station and so on.","If it is banned, surely they have to endure the hope to smoke until they come home or they find smoking space in a station [and so on]."
JPN_B12,1641,30283,30303,1,18,TRUE,"In stores, there are a lot of people such as children, infants, old people and so on.","In stores, there are a lot of people such as children, infants, old people [and so on]."
JPN_B12,1703,31307,31321,1,12,TRUE,"For example, heart disease, lungs disease, cancer, and so on.","For example, heart disease, lungs disease, cancer, [and so on]."
JPN_B12,1714,31455,31469,1,12,TRUE,"Cigarettes which are end, boxes of cigarettes, lighter, and so on.","Cigarettes which are end, boxes of cigarettes, lighter, [and so on]."
JPN_B12,1801,32819,32845,1,24,TRUE,"There are people who are sensitive to smoke of cigarettes such as a little child, an expectant mother, a sick man and so on.","There are people who are sensitive to smoke of cigarettes such as a little child, an expectant mother, a sick man [and so on]."
JPN_B12,1871,34148,34168,1,14,FALSE,"Nowadays, most of crime such as murder, theft, violence, and so on are due to stress.","Nowadays, most of crime such as murder, theft, violence, [and so on] are due to stress."
JPN_B12,1966,35801,35835,1,32,TRUE,"If a restaurant owner does n t want to completely ban smoking, he should perfectly separate smoking area from non smoking area by using a wall, a ventilator glass and so on.","If a restaurant owner does n t want to completely ban smoking, he should perfectly separate smoking area from non smoking area by using a wall, a ventilator glass [and so on]."
JPN_B12,2021,36717,36745,1,26,TRUE,"Smoking is banned at a lot of places in Japan now, for instance at an office, at a street, in a taxi and so on.","Smoking is banned at a lot of places in Japan now, for instance at an office, at a street, in a taxi [and so on]."
JPN_B12,2040,37033,37048,1,13,TRUE,"Moreover, it sticks to seats, curtains, table covers, and so on.","Moreover, it sticks to seats, curtains, table covers, [and so on]."
JPN_B12,2191,39434,39467,1,31,TRUE,"For example, someone do n t like cigarette smoke, someone may be a pregnant woman who have to avoid cigarette smoke, someone want to quit smoking, and so on.","For example, someone do n t like cigarette smoke, someone may be a pregnant woman who have to avoid cigarette smoke, someone want to quit smoking, [and so on]."
JPN_B20,3,53,65,1,10,TRUE,"I am teaching English, mathematics, history, and so on.","I am teaching English, mathematics, history, [and so on]."
JPN_B20,81,1675,1683,1,6,TRUE,We can not study enough and so on.,We can not study enough [and so on].
JPN_B20,538,12064,12081,1,15,TRUE,"For example responsibility, hospitability, communication skills, how to solve problems, and so on.","For example responsibility, hospitability, communication skills, how to solve problems, [and so on]."
JPN_B20,565,12536,12556,1,18,TRUE,"There are some types of part time job, teaching, delivering, cooking, customer service and so on.","There are some types of part time job, teaching, delivering, cooking, customer service [and so on]."
JPN_B20,570,12628,12650,1,20,TRUE,"Next, it is important to speak politely when we speak to others such as boss, strange people and so on.","Next, it is important to speak politely when we speak to others such as boss, strange people [and so on]."
JPN_B20,642,14029,14059,1,28,TRUE,"If they do a part time job, they can take responsibility and get many skills for job, for example, greeting, conversation, presentation and so on.","If they do a part time job, they can take responsibility and get many skills for job, for example, greeting, conversation, presentation [and so on]."
JPN_B20,663,14472,14494,1,20,TRUE,"When we have a job, we need to care about the manner, clothes, way of speaking and so on.","When we have a job, we need to care about the manner, clothes, way of speaking [and so on]."
JPN_B20,696,15074,15099,1,23,TRUE,"For example, they learn how money moves in their society, how many kinds of people live in their world, and so on.","For example, they learn how money moves in their society, how many kinds of people live in their world, [and so on]."
JPN_B20,744,15631,15667,1,23,FALSE,"If we experience many kind of part time jobs, for example, cram school 's teacher, waiter, cook, and so on, we can decide what kind of job we really like.","If we experience many kind of part time jobs, for example, cram school 's teacher, waiter, cook, [and so on], we can decide what kind of job we really like."
JPN_B20,993,19927,19969,1,40,TRUE,"To protect both rights of people smoke and do n t smoke, we should do something, for example, dividing space into a smoking area and a non smoking area, making a closed space for smoking and so on.","To protect both rights of people smoke and do n t smoke, we should do something, for example, dividing space into a smoking area and a non smoking area, making a closed space for smoking [and so on]."
JPN_B20,995,19989,20029,1,38,TRUE,"So we need to not only do the things I told above but also know about how bad smoking is, why some people really need to smoke, why some people ca n t quit smoking and so on.","So we need to not only do the things I told above but also know about how bad smoking is, why some people really need to smoke, why some people ca n t quit smoking [and so on]."
JPN_B20,1061,20928,20956,1,26,TRUE,"People have poor circulation of blood by smoking, and it causes a lot of diseases like an irregular pulse, a cancer of lung and so on.","People have poor circulation of blood by smoking, and it causes a lot of diseases like an irregular pulse, a cancer of lung [and so on]."
JPN_B20,1071,21143,21170,1,25,TRUE,"In restaurants, there 're many kinds of people, such as men, women, baby, children, elderly, pregnant women and so on.","In restaurants, there 're many kinds of people, such as men, women, baby, children, elderly, pregnant women [and so on]."
KOR_A20,331,6231,6246,1,13,TRUE,"There are Relationships, social skills, experiences, challenges and memories And so on.","There are Relationships, social skills, experiences, challenges and memories [And so on]."
KOR_A20,623,11092,11095,1,1,TRUE,And so on.,[And so on].
KOR_A20,683,12078,12096,1,16,TRUE,"For example: Contact with people, Responsibility, Kindness, about my work full and so on.","For example: Contact with people, Responsibility, Kindness, about my work full [and so on]."
KOR_A20,960,16750,16761,1,9,TRUE,Because they need a money for their allowance and so on.,Because they need a money for their allowance [and so on].
KOR_B11,7,203,248,1,43,TRUE,": Part time job is: uh: very important thing of student life because they can earn money for myself: for one: their self, and then they: they can buy some books, food, and coffee and so on.",": Part time job is: uh: very important thing of student life because they can earn money for myself: for one: their self, and then they: they can buy some books, food, and coffee [and so on]."
KOR_B11,112,3099,3132,1,31,TRUE,"I think that cigarette of smoking is very harmful to the body because cigarette have: cigarette have: cigarette have very harmful things such as tar, nicotine, and so on.","I think that cigarette of smoking is very harmful to the body because cigarette have: cigarette have: cigarette have very harmful things such as tar, nicotine, [and so on]."
KOR_B11,154,4338,4374,1,34,TRUE,"I think that they do n t smoke in restaurant because sometimes some people hate this cigarette because cigarette has a very, very many bad things substance, tar, nicotine, and so on.","I think that they do n t smoke in restaurant because sometimes some people hate this cigarette because cigarette has a very, very many bad things substance, tar, nicotine, [and so on]."
KOR_B11,420,8906,8920,1,12,TRUE,"Moreover, they need to cost of living and room rent and so on.","Moreover, they need to cost of living and room rent [and so on]."
KOR_B11,673,12230,12248,1,16,TRUE,"For example, Convenient store, bar, restaurant, gas station, department store and so on.","For example, Convenient store, bar, restaurant, gas station, department store [and so on]."
KOR_B11,851,15185,15201,1,14,TRUE,"In here, I packaged the products like shampoo, toothpaste and cosmetics and so on.","In here, I packaged the products like shampoo, toothpaste and cosmetics [and so on]."
KOR_B11,985,16939,16959,1,18,TRUE,"It will be equal with the part time job culture including the other America or Japan, and so on.","It will be equal with the part time job culture including the other America or Japan, [and so on]."
KOR_B11,1001,17260,17282,1,20,TRUE,"A lot of university students have worked at various area of place such as restaurant, theater, store and so on.","A lot of university students have worked at various area of place such as restaurant, theater, store [and so on]."
KOR_B11,1007,17366,17373,1,5,TRUE,"Pizza, save zone and so on.","Pizza, save zone [and so on]."
KOR_B11,1233,20106,20146,1,22,FALSE,"You can learn several facts, such as enjoyment of earning, hardness of working, what capabilities you have, and so on, and these experiences would help you to select better job and make your future better.","You can learn several facts, such as enjoyment of earning, hardness of working, what capabilities you have, [and so on], and these experiences would help you to select better job and make your future better."
KOR_B11,1255,20562,20584,1,20,TRUE,"When we become university students, we want to get some part time jobs in restaurants, convenience stores and so on.","When we become university students, we want to get some part time jobs in restaurants, convenience stores [and so on]."
KOR_B11,1656,26099,26118,1,10,FALSE,And we showed and heard in TV or newspaper and so on that many people are dying every year.,And we showed and heard in TV or newspaper [and so on] that many people are dying every year.
KOR_B11,1762,27442,27455,1,11,TRUE,"Smoking has a bad influence on children, expectant mother and so on.","Smoking has a bad influence on children, expectant mother [and so on]."
KOR_B11,1873,29357,29373,1,14,TRUE,"They usually smoke everywhere include bar, pub, cafe or PC room and so on.","They usually smoke everywhere include bar, pub, cafe or PC room [and so on]."
KOR_B11,1949,30190,30203,1,11,TRUE,"Cigarette has pernicious ingredients like nicotine, naphthalene and tar and so on.","Cigarette has pernicious ingredients like nicotine, naphthalene and tar [and so on]."
KOR_B11,2380,35861,35882,1,19,TRUE,"Many fathers smoke at home, but smoking has bad effects to children 's growth, respiratory organ and so on.","Many fathers smoke at home, but smoking has bad effects to children 's growth, respiratory organ [and so on]."
KOR_B12,108,2891,2920,1,27,TRUE,"One advantage is you can earn the money by your part time job and: uh: you can receive: uh: some experience, and so on.","One advantage is you can earn the money by your part time job and: uh: you can receive: uh: some experience, [and so on]."
KOR_B12,111,2981,3003,1,15,FALSE,"Although you: uh: you pay the: pay some of your time and so on, but your: uh.","Although you: uh: you pay the: pay some of your time [and so on], but your: uh."
KOR_B12,361,8884,8897,1,9,FALSE,Smoking cause cancer and lung cancer and: and so on diverse disease.,Smoking cause cancer and lung cancer and: [and so on] diverse disease.
KOR_B12,421,10447,10482,1,32,FALSE,That 's why I think smoking is just favor of person just like eating ice cream and [ ( *** ] ) for: or wearing some unique cloth: clothing and so on so.,That 's why I think smoking is just favor of person just like eating ice cream and [ ( *** ] ) for: or wearing some unique cloth: clothing [and so on] so.
KOR_B12,465,11343,11371,1,26,TRUE,I think smoking is not: not good for our health because smoking is good for our: our comfortable mind or: uhh: and so on.,I think smoking is not: not good for our health because smoking is good for our: our comfortable mind or: uhh: [and so on].
KOR_B12,619,14788,14832,1,28,FALSE,"In addition, the tutoring industry only all students and to determine whether the addition and then provides the correct information, from repeated inaccurate information, and so on shortcomings, and complements a % reliable tutoring site is the location of the.","In addition, the tutoring industry only all students and to determine whether the addition and then provides the correct information, from repeated inaccurate information, [and so on] shortcomings, and complements a % reliable tutoring site is the location of the."
KOR_B12,934,19560,19585,1,23,TRUE,"That means that students can interact with their classmates as participation in many schools circles such as team sports, band groups and so on.","That means that students can interact with their classmates as participation in many schools circles such as team sports, band groups [and so on]."
KOR_B12,1034,21109,21126,1,15,TRUE,"Many works are cleaning the library and carrying books, arranging the books, and so on.","Many works are cleaning the library and carrying books, arranging the books, [and so on]."
KOR_B12,1775,31939,31964,1,23,TRUE,"Most of the part time job we doing are a private tutoring and working in a store such as café, restaurant and so on.","Most of the part time job we doing are a private tutoring and working in a store such as café, restaurant [and so on]."
KOR_B12,1829,32968,33000,1,27,FALSE,"Except for the few students that come from rich families, it is difficult to expect sufficient financial support for tuition, books, living, and so on from their families.","Except for the few students that come from rich families, it is difficult to expect sufficient financial support for tuition, books, living, [and so on] from their families."
KOR_B12,1976,35708,35718,1,8,TRUE,"Restaurant serving, coffee shop, tutoring and so on.","Restaurant serving, coffee shop, tutoring [and so on]."
KOR_B12,3260,54593,54624,1,29,TRUE,"Nowadays, we can easily find some signs of non smoking area or stopping smoke in this area in many places such as school, company, restaurant and so on.","Nowadays, we can easily find some signs of non smoking area or stopping smoke in this area in many places such as school, company, restaurant [and so on]."
KOR_B12,3503,58703,58714,1,7,FALSE,"Cigarette smoke, ashes, smell and so on is that.","Cigarette smoke, ashes, smell [and so on] is that."
KOR_B20,150,4479,4487,1,1,FALSE,And so on: uhh: because I.,[And so on]: uhh: because I.
KOR_B20,771,19145,19160,1,13,TRUE,"They work at caf辿, fast food store, a convenient store and so on.","They work at caf辿, fast food store, a convenient store [and so on]."
KOR_B20,958,22547,22575,1,26,TRUE,"This will make them think about how hard to survive in a society, how society is operating, and how social network is connected and so on.","This will make them think about how hard to survive in a society, how society is operating, and how social network is connected [and so on]."
KOR_B20,1530,34130,34155,1,15,FALSE,"Also he or she will do meetings and researches and making marketing strategies, and so on with other group members like actual workers do.","Also he or she will do meetings and researches and making marketing strategies, [and so on] with other group members like actual workers do."
KOR_B20,2582,51892,51927,1,33,TRUE,"For these reasons, I think smoking should be prohibited at all the restaurants and it should be broaden to all public places such as bus stops, parks, concert hall and so on.","For these reasons, I think smoking should be prohibited at all the restaurants and it should be broaden to all public places such as bus stops, parks, concert hall [and so on]."
